1,"Bowyer, Kevin"
2,"Brockman, Jay"
3,"Bualuan, Ramzi"
4,"Bui, Peter"
5,"Chen, Danny"
6,"Chiang, David"
7,"Czajka, Adam"
8,"Hu, Xiaobo"
9,"Huang, Jane"
10,"Jiang, Meng"
11,"Joshi, Siddharth"
12,"Kumar, Shreya"
13,"McEachen, John"
14,"McLaughlin, Robert"
15,"McMillan, Collin"
16,"Milenkovic, Tijana"
17,"Morrison, Matthew"
18,"Niemier, Michael"
19,"Pennycuff, Corey"
20,"Poellabauer, Christian"
21,"Shi, Yiyu"
22,"Sikdar, Satyaki"
23,"Slaughter, John"
24,"Striegel, Aaron"
25,"Templeton, John"
26,"Thain, Douglas"
27,"Walden, Katherine"
28,"Wang, Chaoli"
29,"Wang, Dong"
30,"Weninger, Timothy"
31,"Westerink, Joannes"
32,"Wicks, Michael"
33,"Wright, Gabriel"
34,"Chawla, Nitesh"
35,"Jung, Taeho"
36,"Kogge, Peter"
37,"Metoyer, Ronald"
38,"Richter, David"
39,"Scheirer, Walter"
40,"Abdulsater, Hussein"
41,"Agha, Toochukwu"
42,"Akesseh, Ebenezer"
43,"Anatolios, Khaled"
44,"Anderson, Gary"
45,"Arner, Neil"
46,"Ashley, James"
47,"Astell, Ann"
48,"Avvakumov, Yury"
49,"Baglow, Christopher"
50,"Battin, Steven"
51,"Belcher, Kimberly"
52,"Bess, Philip"
53,"Booth, Adam"
54,"Bremer-McCollum, Adam"
55,"Brown, Jeremy"
56,"Cavadini, Catherine"
57,"Cavadini, John"
58,"Cavender, Alexander"
59,"Chike, Julian"
60,"Clairmont, David"
61,"Connors, Michael"
62,"Corcho, Rachel"
63,"Cremers, Klaas"
64,"De La Noval, Roberto"
65,"DeLorenzo, Leonard"
66,"Dolcich-Ashley, Anselma"
67,"Edwards, Robert"
68,"Ehrman, Terrence"
69,"Eubank, Nathan"
70,"Fassler, Margot"
71,"Fitriyah, Lailatul"
72,"Fitzgerald, John"
73,"Flint, Thomas"
74,"Frandsen, Mary"
75,"Gerdon, Ian"
76,"Glibetic, Nina"
77,"Gregory, Brad"
78,"Grillo, Jennifer"
79,"Groody, Daniel"
80,"Grove, Kevin"
81,"Gustine, Adam"
82,"Haas, Kristin"
83,"Haring, James"
84,"Hebbeler, Michael"
85,"Hemphill, Hannah"
86,"Hilkert, M. Catherine"
87,"Holguin, Jimena"
88,"Idoko, Patricia"
89,"Jarret, Peter"
